"ResponseId","condition","vis","un","narrative","interactivity","Q1","Q10","Q11","Q2","Q3","Q4","Q5","Q6","Q7","Q8","Q9"
"R_07XJAt7qPKrEuyZ","story","us-healthcare","224","True","False",0,0,0,1,1,0,0,0,0,0,0
"R_0AgtvRLLBcqolkl","all","us-healthcare","272","True","True",1,0,0,1,1,1,1,0,0,1,0
"R_0GLsMGInNQSmjWp","all","carbon-clock","619","True","True",1,0,0,1,1,1,1,0,0,1,1
"R_0j2B3HDam88oBHz","int","carbon-clock","483","False","True",1,0,0,1,1,1,1,1,0,1,1
"R_0qfShTGvvGNFGNj","story","measles","394","True","False",0,1,0,1,0,1,0,1,1,1,0
"R_0UtYpGD8fWKjuSd","story","us-healthcare","145","True","False",0,0,0,0,1,0,1,1,0,1,0
"R_10ABj5LdsRFs8Vw","none","measles","295","False","False",1,0,0,1,0,1,0,1,1,0,1
"R_10IBLYvqe8TBQae","story","us-healthcare","382","True","False",1,1,0,1,1,1,1,0,0,1,0
"R_10IyRYHOJquB5sP","int","measles","508","False","True",1,1,0,1,0,1,1,1,1,0,0
"R_10MJGcAirJZYs4K","none","carbon-clock","344","False","False",1,1,0,1,1,0,1,0,0,1,1
"R_10O9Gz7oPZXSItz","all","gun-deaths","4","True","True",1,0,0,1,0,0,0,0,0,0,0
"R_11gBituTUvkIW2S","int","carbon-clock","123","False","True",1,0,0,1,1,1,1,1,0,0,1
"R_124hkOeaj5ioDn0","none","gun-deaths","175","False","False",1,0,0,1,0,1,1,1,1,0,1
"R_12DTCy2rXK6lw0o","none","gun-deaths","80","False","False",1,1,0,0,1,1,0,1,1,0,1
"R_1BPcyrq0i8V3uTC","story","carbon-clock","604","True","False",1,0,0,1,1,1,1,1,0,0,0
"R_1C3mBxqYFCrdqfD","story","measles","616","True","False",1,0,0,1,1,1,1,0,1,0,0
"R_1CeFPM47MVPGQmx","story","gun-deaths","556","True","False",1,1,0,1,1,1,1,1,1,0,0
"R_1cUMaMEmfgLnWK5","story","carbon-clock","430","True","False",1,0,1,0,1,1,1,1,0,0,1
"R_1CvZRaW3jJeWxs5","none","carbon-clock","213","False","False",1,0,1,1,1,1,1,0,0,0,0
"R_1dFCltswyhA0Vfl","none","measles","311","False","False",0,1,0,0,1,1,1,1,0,0,0
"R_1dgcjfDrtEfZhvN","int","gun-deaths","95","False","True",0,1,0,1,1,1,0,0,1,0,0
"R_1DuICs9mdcaGBzS","none","carbon-clock","654","False","False",1,1,0,1,0,1,1,0,0,1,1
"R_1duleHpEfRhtvlv","all","gun-deaths","417","True","True",1,0,0,1,1,0,0,0,1,1,0
"R_1E0OhRNAk8pshCQ","int","carbon-clock","653","False","True",0,0,0,0,1,1,0,1,0,0,0
"R_1E50n5FDDagtZ3y","int","measles","150","False","True",1,0,0,1,1,1,1,0,0,0,1
"R_1EbaXuP8jP8IAZP","all","carbon-clock","583","True","True",0,0,0,1,1,0,0,0,0,0,0
"R_1eElaiFANSx6Ga1","none","gun-deaths","96","False","False",1,0,0,0,0,1,0,1,1,0,1
"R_1f40NLUET7xzPHB","none","us-healthcare","352","False","False",0,1,0,0,0,1,1,0,0,1,0
"R_1F9rFbViSodSZPI","int","us-healthcare","130","False","True",1,0,0,0,1,1,0,1,1,1,0
"R_1FlyWc4PzwE7Gje","none","gun-deaths","420","False","False",1,0,0,1,1,1,0,1,1,0,0
"R_1FwUIOAswC4eeBu","none","carbon-clock","299","False","False",0,0,0,1,1,1,1,1,1,0,0
"R_1g62exrXa41DH4d","none","us-healthcare","537","False","False",1,1,0,0,1,0,1,0,0,0,0
"R_1gHMsIadndghVuZ","all","gun-deaths","453","True","True",1,1,0,1,1,1,0,1,0,0,0
"R_1ghW6xbrkn33Mal","none","us-healthcare","336","False","False",0,0,0,0,0,0,1,1,0,1,0
"R_1gkDP4VyaqH2fAB","none","measles","193","False","False",1,1,0,1,0,1,0,1,1,0,0
"R_1gTL140vHKNEoZE","int","us-healthcare","274","False","True",1,1,0,1,1,0,1,0,0,1,0
"R_1gvFQtPBXd4UO2h","int","gun-deaths","184","False","True",1,0,0,0,1,1,0,1,1,0,0
"R_1GWxMPoJWsRLtHK","story","gun-deaths","499","True","False",1,0,0,1,1,1,0,1,1,0,0
"R_1gzRNEHOr9TnDSP","none","carbon-clock","299","False","False",1,0,0,1,1,1,1,0,1,1,0
"R_1H2Dd7XgmA4wiBf","int","carbon-clock","196","False","True",1,0,0,1,1,0,0,1,1,0,0
"R_1H81l9krcVAD8LM","none","carbon-clock","384","False","False",1,0,0,1,1,1,1,1,0,0,1
"R_1HcR6HDTB3cPNpP","all","gun-deaths","639","True","True",1,0,0,0,0,1,0,1,1,0,0
"R_1hHbfD1xNLuGbAx","int","carbon-clock","553","False","True",0,0,0,1,0,1,0,1,0,0,1
"R_1Hk7Kx29mUnAlVj","all","us-healthcare","591","True","True",0,0,0,0,1,0,1,0,1,0,0
"R_1HqJLtEczMxVtcF","story","us-healthcare","114","True","False",0,1,0,0,1,1,1,1,1,0,0
"R_1hyYpsIX9NmMkuD","int","measles","245","False","True",1,1,0,1,0,1,1,1,1,0,1
"R_1I4bVfMK33dfMPD","all","us-healthcare","65","True","True",1,1,0,0,1,0,1,0,1,1,0
"R_1ibclsJGV6m9DJ0","none","carbon-clock","484","False","False",1,0,0,1,1,1,0,1,0,0,0
"R_1IiWkSONeFTczm8","all","carbon-clock","152","True","True",1,1,1,1,0,1,1,1,0,0,0
"R_1IizsQrIZ3MXWfs","none","gun-deaths","658","False","False",1,0,0,1,1,0,1,1,1,0,0
"R_1IMzWDAWv8ZCJsB","all","us-healthcare","160","True","True",1,1,0,1,1,0,0,0,0,1,0
"R_1Injx8EC13pR1CG","all","carbon-clock","667","True","True",0,0,0,1,0,1,1,0,0,0,1
"R_1INmlt6nb5xeaeZ","none","us-healthcare","189","False","False",1,1,0,0,1,0,1,0,1,1,0
"R_1Iozfe4P2CkRUeU","int","us-healthcare","58","False","True",1,0,0,0,1,1,1,0,0,0,0
"R_1ItKZ3qNl89aBDZ","int","measles","601","False","True",1,0,0,1,0,1,1,1,1,0,0
"R_1Ittt7vsSyi6VAs","int","carbon-clock","170","False","True",1,0,0,1,0,1,0,1,0,1,1
"R_1IyCkpCA9BnuS5K","int","gun-deaths","455","False","True",0,1,0,1,1,1,0,1,1,1,0
"R_1JDEmTRjDnFOOt5","all","measles","243","True","True",1,0,0,1,1,1,1,0,0,0,0
"R_1jDIZEWyqzETzmw","story","gun-deaths","362","True","False",1,0,0,1,0,1,0,0,0,0,0
"R_1jEe1dCDjWNcZxc","int","gun-deaths","158","False","True",1,0,0,1,1,0,0,1,0,0,0
"R_1jILlPyS6USnXUY","all","measles","563","True","True",1,0,0,1,0,1,1,1,1,0,0
"R_1jN6iTkP1tgHkmp","story","measles","86","True","False",1,0,0,1,1,1,1,0,0,0,1
"R_1jVrwZr38HowRfR","none","gun-deaths","303","False","False",1,0,0,1,1,1,0,1,1,0,0
"R_1KcXx7iqRJBgiie","none","us-healthcare","476","False","False",1,0,0,0,1,1,1,0,0,0,0
"R_1kYO6WBKMAfGbCT","all","gun-deaths","623","True","True",1,0,0,0,1,1,0,1,0,0,1
"R_1LcmUi1ly3uuGgi","all","us-healthcare","365","True","True",0,0,0,1,1,1,1,0,1,0,0
"R_1LMsEILp6yTK6G5","none","measles","666","False","False",1,0,0,0,1,1,1,0,0,0,0
"R_1LneJBZfntaOMsA","none","carbon-clock","468","False","False",1,0,1,1,1,1,1,0,0,0,1
"R_1LUsRX6VhT1cGLB","story","gun-deaths","333","True","False",1,1,0,0,0,0,0,1,1,0,0
"R_1LvXSGVRhAkGFCa","story","measles","244","True","False",1,1,0,1,0,1,1,1,1,0,1
"R_1LYHixwIJccy6Oj","none","carbon-clock","139","False","False",0,0,0,1,1,1,1,0,0,1,1
"R_1mg5FsKsjmWuNbl","none","measles","279","False","False",1,0,0,1,0,1,1,1,1,0,0
"R_1MK7UKFoxGPB5QZ","story","measles","102","True","False",0,0,0,1,1,1,1,0,1,0,1
"R_1MWXKGnoxIx77yG","story","measles","580","True","False",1,0,0,1,1,1,1,0,0,0,0
"R_1NeSNh2h5YJTrBu","all","us-healthcare","575","True","True",0,0,0,1,1,0,1,0,0,0,0
"R_1NhvWYt4WrEywxc","story","us-healthcare","57","True","False",1,0,0,0,1,0,1,0,0,0,0
"R_1OAXGxdZGdtfycI","story","us-healthcare","612","True","False",1,0,0,1,1,1,1,0,0,1,0
"R_1oFLw4VDgHXD02T","all","gun-deaths","235","True","True",1,0,0,1,1,1,0,0,1,0,0
"R_1oh9W24XiVhY2yx","none","carbon-clock","497","False","False",1,0,1,1,1,0,0,0,0,1,0
"R_1oi2z4orWFosEOV","none","us-healthcare","521","False","False",1,0,0,1,1,1,1,0,1,0,0
"R_1ON8FfqMBBaOXpK","story","measles","228","True","False",0,0,0,1,0,0,1,0,1,0,1
"R_1Oqs3lVTo4YJknh","all","us-healthcare","611","True","True",1,1,0,1,1,1,1,1,0,1,0
"R_1P5FswURbC42M3W","all","us-healthcare","405","True","True",0,0,1,0,1,1,1,0,0,0,1
"R_1Pdfzfjpqpap0L0","all","carbon-clock","210","True","True",0,0,0,1,1,1,1,1,0,1,1
"R_1pGuTGQCIXLt9Ai","all","gun-deaths","530","True","True",1,1,0,1,1,1,0,0,0,0,0
"R_1PZYqah8Q5Nzcw3","int","gun-deaths","318","False","True",1,1,0,1,1,1,0,1,0,0,0
"R_1qfHj5gejyavaXk","story","measles","223","True","False",1,0,0,0,1,1,0,0,0,0,0
"R_1QLbO3KizfSbvun","int","measles","310","False","True",1,0,0,1,1,1,1,0,0,0,0
"R_1QmYzF5epwIDUcu","all","gun-deaths","345","True","True",1,0,0,1,1,1,0,1,1,0,0
"R_1QN7Ofid1ZCvO0R","all","carbon-clock","433","True","True",1,0,1,1,1,1,1,0,0,0,1
"R_1QtRECqHV6IRhH1","int","us-healthcare","459","False","True",1,0,0,1,0,1,1,0,0,0,0
"R_1QyBYqrtiTN3pMU","all","measles","308","True","True",1,1,0,1,1,1,1,0,0,0,1
"R_1QzOMXwMS6naJkh","int","gun-deaths","79","False","True",1,1,1,1,0,0,0,1,1,0,1
"R_1r3yr6keSQMiwdR","all","measles","615","True","True",1,0,0,1,0,1,1,1,1,0,0
"R_1ri65YhYrDFLmiI","all","measles","647","True","True",1,0,0,1,0,1,1,0,1,0,0
"R_1SyJC1w3GLICSsh","story","gun-deaths","592","True","False",1,1,0,1,1,1,0,1,1,0,0
"R_21h1da5i4nOwSVI","all","us-healthcare","8","True","True",1,1,0,1,1,0,0,0,0,1,0
"R_21iA0mLsLaSLxnE","none","us-healthcare","492","False","False",0,0,0,1,1,0,1,0,0,1,0
"R_21ms4AHEw0XQhmM","int","measles","411","False","True",1,1,0,0,0,1,1,0,1,1,1
"R_21oCYAvTV1zOo3r","int","measles","326","False","True",1,0,0,1,0,1,1,1,1,0,0
"R_21yqGWZyjixwALA","none","carbon-clock","452","False","False",0,0,0,1,1,1,1,0,0,1,1
"R_22K2B631JqHNXjC","all","us-healthcare","271","True","True",1,0,0,1,1,0,1,0,0,1,0
"R_22Wf3XkQrlVGXcw","all","measles","337","True","True",1,1,0,1,1,1,1,0,1,0,0
"R_22XqEcJRdhfoiRQ","story","gun-deaths","215","True","False",1,0,0,0,1,1,0,1,1,0,0
"R_23768zn9hzikjod","all","measles","44","True","True",1,0,0,1,1,1,0,0,1,0,0
"R_24HLv4M8KuHx6wZ","int","gun-deaths","269","False","True",1,1,1,1,0,0,1,0,1,0,0
"R_24HRmha3R3Ai9f2","int","carbon-clock","359","False","True",1,0,1,1,1,0,1,0,0,1,0
"R_25WwWqkhf7b6Twy","int","us-healthcare","351","False","True",0,1,0,0,1,0,1,0,1,1,0
"R_25zlCgbSrBxriba","story","measles","29","True","False",0,0,0,1,1,1,1,0,0,0,1
"R_263yewXIYEAdKt0","none","gun-deaths","185","False","False",1,1,0,1,1,0,0,1,1,0,0
"R_26g5iiJfCfG105Y","none","carbon-clock","171","False","False",1,0,0,1,1,1,1,1,0,1,0
"R_277sG7jdHeF42uE","none","measles","177","False","False",1,0,0,1,1,1,1,0,1,0,0
"R_27EwbxGxq5WgEC8","int","us-healthcare","322","False","True",1,0,0,0,1,0,1,0,1,0,0
"R_27VgQVWIMJHB2tA","none","us-healthcare","205","False","False",1,1,0,1,1,0,0,0,0,0,0
"R_28PagGZWkovyybF","story","gun-deaths","236","True","False",1,0,0,0,1,1,1,1,0,0,0
"R_28V70lpBzaH74wZ","none","gun-deaths","7","False","False",1,0,0,1,1,1,0,1,0,0,1
"R_29vrdstXRDM5zdQ","int","gun-deaths","573","False","True",1,1,0,1,1,1,0,1,1,0,0
"R_2a99tP2OPhJhd0v","int","gun-deaths","516","False","True",0,0,0,0,1,0,1,1,1,0,1
"R_2aDkoEe90pLd4pR","story","measles","426","True","False",1,0,0,1,1,1,1,0,1,0,0
"R_2akxc74bmzGJyWO","none","measles","650","False","False",1,0,0,1,0,1,1,0,1,0,0
"R_2aLFIF8c7uukYH4","story","gun-deaths","386","True","False",0,1,0,1,1,0,0,1,0,0,0
"R_2areLloluFXZDAm","int","us-healthcare","10","False","True",1,1,0,1,1,0,1,0,1,0,0
"R_2aV5SuWm015J6Ie","none","measles","151","False","False",1,0,0,1,0,0,1,1,1,0,1
"R_2axbQJBenRrce6L","all","measles","69","True","True",1,1,0,1,0,1,1,1,1,0,0
"R_2axdjvMmXNCBgpl","story","measles","61","True","False",1,0,0,1,1,1,1,0,1,0,0
"R_2AYgKFxSGFLLduJ","none","carbon-clock","315","False","False",1,0,0,1,0,1,1,0,0,1,1
"R_2AZFeWx9BClsREd","int","measles","549","False","True",1,1,0,1,0,1,1,1,1,1,1
"R_2bJLzvEQIgAhsBB","all","gun-deaths","498","True","True",1,0,0,1,1,1,0,1,1,1,0
"R_2BsXXVfnhdoZX1M","none","us-healthcare","59","False","False",0,1,0,1,1,0,1,0,1,1,1
"R_2c0IqqdC3gpoQi3","story","carbon-clock","232","True","False",1,0,1,1,1,1,1,0,0,1,0
"R_2c1oQIem7HdJ51p","story","us-healthcare","644","True","False",0,1,0,1,1,1,1,0,0,0,0
"R_2c5gUkNKxOlix3A","story","us-healthcare","9","True","False",1,0,0,1,1,0,1,1,0,0,0
"R_2CIDeuEvvqzPkyv","int","us-healthcare","204","False","True",0,1,0,1,1,1,0,0,1,1,0
"R_2cirFVEPAFxoXxJ","none","us-healthcare","630","False","False",1,1,0,1,1,1,1,0,0,1,0
"R_2CNz09GfOnhjLtP","story","gun-deaths","173","True","False",1,0,0,1,0,1,0,1,1,0,0
"R_2CvNczKtNbK160Z","story","us-healthcare","321","True","False",0,1,0,0,1,1,1,0,1,0,0
"R_2cwTENzvlDMrQnY","none","us-healthcare","131","False","False",0,1,1,0,1,1,0,0,0,0,0
"R_2cyB2oRsO0lSSGZ","int","us-healthcare","26","False","True",1,1,0,1,1,0,1,0,0,1,0
"R_2czlfFCdZrZ9zBj","all","carbon-clock","635","True","True",1,0,0,1,1,1,1,0,0,0,1
"R_2D6A3airYqAPvuU","all","gun-deaths","555","True","True",1,0,0,1,1,1,0,1,1,0,0
"R_2D8n6NKUek2koPq","all","gun-deaths","251","True","True",0,0,0,1,1,1,0,1,0,0,0
"R_2dDVjDi1sDogyii","story","us-healthcare","129","True","False",1,1,0,0,1,0,1,1,1,0,0
"R_2dFsc8sYMakIrTD","int","gun-deaths","38","False","True",0,0,0,1,1,1,1,1,0,0,1
"R_2dG95537GCe5d2U","none","carbon-clock","638","False","False",1,0,0,1,1,0,1,1,0,1,0
"R_2DOyB4lXnJX3PnN","int","measles","87","False","True",1,0,0,1,1,1,1,0,1,0,0
"R_2dTpwfchpFvCHUQ","int","carbon-clock","282","False","True",0,0,1,1,1,1,1,1,0,0,0
"R_2DUIpk748YNjfyt","all","us-healthcare","659","True","True",0,0,0,1,1,1,1,0,0,1,0
"R_2dYBHqcE0ooS5l7","story","gun-deaths","588","True","False",1,1,0,1,1,0,0,1,1,0,0
"R_2e8QUpXrDVeJVK6","all","measles","276","True","True",1,0,0,1,1,1,1,0,0,0,0
"R_2EGZIRix8kCXYTm","story","carbon-clock","17","True","False",0,0,0,1,1,1,1,0,0,1,0
"R_2f9x3ylJ0xwFgSp","none","gun-deaths","319","False","False",1,0,0,1,0,0,0,1,1,0,0
"R_2fiYxzJ6LfDzXgm","story","measles","338","True","False",1,0,0,1,0,1,1,0,1,0,0
"R_2fsbCMrDe9rfq0u","story","gun-deaths","656","True","False",1,1,0,1,1,0,0,0,1,0,0
"R_2nHsoFePTxBNX2h","story","measles","293","True","False",1,0,0,1,1,1,1,0,0,0,0
"R_2OSZVughHN8WHDY","int","carbon-clock","637","False","True",0,0,0,1,1,1,1,1,0,0,1
"R_2P12OrCxm2c9cVC","none","carbon-clock","606","False","False",1,1,0,1,0,1,1,0,0,1,1
"R_2q9nPuqexQUUqFH","story","gun-deaths","183","True","False",1,1,0,1,1,1,0,1,1,0,0
"R_2qCuQo6E6pQ7x10","story","carbon-clock","414","True","False",1,0,1,1,1,1,1,0,0,1,0
"R_2QlEgQM4JddFgwj","none","carbon-clock","554","False","False",1,0,0,1,1,1,1,0,0,1,1
"R_2Qsm2iQAv7k3s8K","all","measles","324","True","True",0,0,0,0,1,1,1,0,0,0,0
"R_2QupQ2oH7gNNFS5","none","measles","88","False","False",1,0,0,0,1,1,0,1,0,0,1
"R_2RaX3ivdnguWgRv","none","gun-deaths","456","False","False",1,1,0,0,0,1,0,1,1,0,1
"R_2rJiIZKRcOydjo6","none","carbon-clock","266","False","False",1,0,0,0,1,1,1,1,0,1,1
"R_2rrmZ7Whpw1nYlJ","none","gun-deaths","238","False","False",1,1,0,1,1,1,1,1,1,1,1
"R_2RVcZBHHPokF10E","none","us-healthcare","11","False","False",0,0,0,0,1,0,1,0,0,1,0
"R_2rYDkQulChxKHkC","none","us-healthcare","307","False","False",0,1,0,1,1,1,0,0,0,1,0
"R_2s0FziznlTj5054","none","measles","356","False","False",1,0,0,1,0,1,1,1,1,0,0
"R_2S3mPcz7BCD0FYQ","int","carbon-clock","107","False","True",1,0,1,0,0,1,1,1,0,1,1
"R_2satn5urnImtLOX","none","gun-deaths","201","False","False",1,1,0,1,0,0,0,1,1,0,0
"R_2SB3Pja1TJ4Mevg","story","gun-deaths","301","True","False",1,0,0,1,1,1,0,0,1,1,0
"R_2Sc47dF0wI4Z7yY","none","us-healthcare","562","False","False",1,0,1,0,1,1,1,0,1,1,0
"R_2Sc7Yqb8jUfNed7","story","us-healthcare","350","True","False",0,0,0,1,0,0,1,0,0,0,0
"R_2SCamLiC371sWCv","none","carbon-clock","234","False","False",0,1,1,0,0,1,1,1,0,0,0
"R_2SDGk6AoPLueVjP","int","us-healthcare","225","False","True",0,1,0,0,1,0,1,1,1,0,1
"R_2sdnoU2Xh2RaZ01","none","measles","372","False","False",1,0,0,1,1,1,1,0,0,0,0
"R_2sdTrCMvvwYdNYd","int","carbon-clock","585","False","True",1,1,0,1,0,1,0,1,0,1,0
"R_2SHO7bmUape6E8M","all","gun-deaths","140","True","True",1,0,0,0,0,0,1,1,0,1,1
"R_2SlFiKGyclNHBa2","int","measles","395","False","True",0,1,0,0,1,1,1,1,1,0,0
"R_2SqXgACoXzkJwv9","story","carbon-clock","248","True","False",0,0,0,1,1,1,1,0,0,1,0
"R_2tJClpEDytU6LCD","all","carbon-clock","397","True","True",1,0,0,1,0,1,1,0,0,0,0
"R_2txT2d5X4ywwRYr","story","us-healthcare","458","True","False",1,1,0,1,1,1,0,0,0,1,0
"R_2TYwe31JXFPMMxw","all","us-healthcare","473","True","True",0,0,0,0,1,1,1,0,0,0,0
"R_2Uf4pM00fJaPlLj","none","gun-deaths","488","False","False",1,0,0,1,1,1,0,1,1,0,0
"R_2UftJ91TVLyamLI","none","gun-deaths","143","False","False",1,1,0,1,1,1,0,1,1,1,0
"R_2urMY29ILEFdvJq","all","gun-deaths","198","True","True",1,1,0,1,0,1,0,1,1,0,0
"R_2uUQDvsbusbWaSQ","int","gun-deaths","54","False","True",1,1,0,1,1,1,0,1,0,0,0
"R_2UYnEXMt7sGlJ6F","story","us-healthcare","596","True","False",1,0,0,1,1,1,1,0,0,1,1
"R_2VHD0vr0Tbpomf0","all","us-healthcare","144","True","True",1,0,0,0,0,1,0,0,0,1,0
"R_2vk2taIpJ6mbNW0","all","carbon-clock","280","True","True",0,0,0,1,1,1,1,0,0,1,0
"R_2VOtzPYSTkq5dBv","none","gun-deaths","440","False","False",0,0,0,1,1,0,0,1,1,0,0
"R_2VsxKMJNRoifB8K","int","measles","176","False","True",1,1,0,1,1,1,1,1,1,0,0
"R_2w0Kouh2wiXLEx0","story","us-healthcare","660","True","False",0,0,0,1,1,0,1,0,1,0,0
"R_2w5qyqopYJ7n1Eg","story","gun-deaths","608","True","False",0,1,0,1,1,0,1,0,1,1,1
"R_2WG9ktqpdA34BJD","none","carbon-clock","436","False","False",0,0,0,1,1,1,1,1,0,0,1
"R_2WYVYj9X1huiSGS","none","gun-deaths","404","False","False",0,1,0,1,0,0,0,1,1,0,0
"R_2WZK7YPbpY5DUFt","int","carbon-clock","496","False","True",1,1,0,1,1,1,1,1,0,0,0
"R_2X6iYXszVh6bmOe","none","us-healthcare","68","False","False",0,0,0,1,1,1,1,0,0,0,0
"R_2Xcz1rduC52CsuP","all","us-healthcare","40","True","True",0,0,0,1,1,1,1,0,0,1,0
"R_2xLiVU0MaBpPZVS","all","gun-deaths","485","True","True",1,0,0,1,1,0,0,1,1,1,0
"R_2xQNhYFrBOHfylv","story","measles","564","True","False",1,1,0,1,1,1,1,1,0,1,0
"R_2xS4iQIhiSdqfip","story","carbon-clock","281","True","False",1,0,0,1,1,1,1,0,0,1,1
"R_2xXmP60Y6w0nk2Y","all","carbon-clock","510","True","True",1,0,0,1,1,1,1,0,0,1,1
"R_2YLBzQ0jLoPeoU9","int","us-healthcare","257","False","True",0,0,0,0,1,1,1,0,0,1,0
"R_2YnsCiRNjqvtGAK","story","gun-deaths","141","True","False",0,1,0,0,1,1,1,1,0,0,1
"R_2YRsLiqVNhfSxko","int","measles","30","False","True",1,0,0,1,1,1,1,1,1,0,0
"R_2zCItlZwFLIJfzE","int","measles","339","False","True",1,0,0,0,1,1,1,1,0,0,1
"R_2ZHReurWvFfwgjb","int","carbon-clock","298","False","True",1,1,0,1,1,1,0,1,0,1,0
"R_2ZNpZPLmihLa4ch","story","gun-deaths","438","True","False",1,1,1,1,1,1,0,1,1,0,0
"R_30cNCCtLXt96TMh","int","gun-deaths","111","False","True",0,0,0,1,1,0,0,1,1,0,0
"R_31a2nEWgWasL3AN","all","gun-deaths","36","True","True",1,0,0,1,1,1,0,1,1,0,0
"R_31LBq2YZGDOUnDT","int","carbon-clock","605","False","True",1,0,0,1,1,1,1,0,0,1,1
"R_31Ldy2BksXvnhod","story","gun-deaths","418","True","False",1,0,0,1,0,1,0,1,0,0,0
"R_31n01LEnXmNmidu","story","gun-deaths","53","True","False",0,1,0,1,1,1,1,1,1,1,0
"R_31NxElpnTjB9AOY","int","carbon-clock","669","False","True",1,0,1,1,0,1,1,0,0,0,0
"R_322C86oeWn47vBg","none","carbon-clock","181","False","False",1,1,1,1,0,0,1,1,0,0,0
"R_32QtItstS5Z7w11","int","gun-deaths","142","False","True",1,0,0,1,1,1,1,0,1,0,0
"R_333DA5t2zWn8hTe","story","carbon-clock","511","True","False",0,0,0,1,1,1,0,0,0,1,0
"R_338tblMu7CDFkZ5","int","us-healthcare","241","False","True",1,0,0,0,0,0,1,0,0,0,0
"R_33l3BYQ4NGILn8H","story","us-healthcare","41","True","False",0,0,0,1,1,1,1,0,0,1,0
"R_3D1Li8tosFtHUgr","story","measles","70","True","False",0,0,0,1,0,1,1,1,1,0,0
"R_3dGtNeY0Y7JshGT","none","us-healthcare","84","False","False",0,0,0,0,1,0,1,0,0,0,0
"R_3Dhk5mH5cg8pB37","all","us-healthcare","255","True","True",1,1,0,1,1,0,1,0,0,0,0
"R_3dLeX73SwYJ1AKK","none","gun-deaths","642","False","False",1,0,0,1,1,0,0,1,1,0,0
"R_3dMlzo2Gatj0nCD","none","carbon-clock","124","False","False",1,0,0,1,1,0,1,1,0,1,0
"R_3dQytosF6NefnUf","all","measles","631","True","True",1,0,0,1,1,1,1,0,1,0,0
"R_3dVTwAEuZJJMuZC","int","gun-deaths","286","False","True",0,0,0,1,1,0,1,1,1,1,0
"R_3e2IsNXg1FVC71v","int","measles","208","False","True",1,1,0,1,0,1,1,1,1,1,1
"R_3Eby27t2w1WOQke","all","measles","101","True","True",1,0,0,1,1,1,1,0,1,0,0
"R_3EgRqyJvBzRHn4r","story","carbon-clock","297","True","False",1,0,1,1,1,0,1,0,0,1,0
"R_3ekloZ5MBwWhMcq","int","carbon-clock","330","False","True",1,0,0,0,1,1,1,1,0,0,0
"R_3exf45CwgbslGYx","all","us-healthcare","239","True","True",1,1,0,1,1,1,1,1,0,1,1
"R_3Ezno75fHHs3Oyi","story","measles","664","True","False",1,1,0,1,0,1,1,0,1,1,1
"R_3F3SI3giJUv8HCF","none","carbon-clock","376","False","False",1,1,0,1,1,1,1,0,0,0,1
"R_3fNPSyB7JZZDbwQ","int","carbon-clock","528","False","True",1,1,0,1,1,0,0,0,1,1,1
"R_3fOUPYzMmEAxFmw","none","us-healthcare","598","False","False",0,0,0,1,1,1,1,0,1,0,0
"R_3FVDe9ZFStuC9ZV","int","carbon-clock","265","False","True",1,0,0,1,1,1,1,1,0,1,1
"R_3G1cVjGf9j3MAfy","story","carbon-clock","374","True","False",0,0,0,1,0,1,1,0,0,0,1
"R_3g6Q16Khz30VCFF","all","measles","190","True","True",1,0,0,1,0,1,1,0,1,0,0
"R_3g8fQ6C4tGrYGok","int","measles","524","False","True",1,0,0,1,1,1,1,1,1,0,1
"R_3GfEotBhfFcnsYj","int","carbon-clock","451","False","True",1,1,0,1,1,1,1,0,0,1,1
"R_3HAXN0r8SCSLeTG","int","us-healthcare","188","False","True",1,0,0,1,1,1,0,0,0,1,0
"R_3hc33g4bStONKWZ","none","measles","480","False","False",1,0,0,1,1,1,1,1,1,1,0
"R_3hfHWvGMLfynhuN","story","carbon-clock","314","True","False",1,0,0,1,1,1,1,0,0,0,0
"R_3HGkoTGpDDbTd0X","story","measles","277","True","False",1,0,0,1,1,1,1,0,0,0,0
"R_3Hk8GCX9pBgNlwb","story","measles","118","True","False",1,0,0,1,0,1,1,1,1,0,0
"R_3HT8KvsnSA1UkJc","none","measles","448","False","False",1,0,0,1,0,1,1,1,1,0,1
"R_3HThSYRUwe6z8CS","all","us-healthcare","81","True","True",1,0,0,1,1,1,1,0,0,0,0
"R_3HtsjvsJxefNXIT","story","measles","523","True","False",1,0,0,1,0,1,0,0,1,0,0
"R_3I0rdiqVlIgLLa9","int","carbon-clock","375","False","True",1,0,0,1,1,0,0,0,0,0,0
"R_3I3mCjGDYyHXE27","story","us-healthcare","406","True","False",1,0,0,1,1,0,1,1,1,1,0
"R_3iI1RHDH4ImeZpn","story","measles","632","True","False",1,0,0,1,1,1,1,0,1,0,0
"R_3iqc0IFfQtdzAqG","none","us-healthcare","578","False","False",1,0,0,1,1,0,0,1,0,1,0
"R_3irGePOTNwrGQ20","none","us-healthcare","100","False","False",1,1,0,1,0,0,1,0,1,1,1
"R_3J2BYjnKyOeuRxo","int","gun-deaths","487","False","True",1,0,0,1,1,1,1,1,0,0,0
"R_3j9hbiJOwp1uwmk","story","us-healthcare","98","True","False",1,0,0,1,1,0,1,1,1,1,0
"R_3JaNgdUIklFhtwz","all","us-healthcare","381","True","True",0,0,0,1,1,0,1,0,1,0,0
"R_3JCac0tLbEv1TJ7","none","carbon-clock","283","False","False",1,1,1,1,1,1,1,1,0,0,0
"R_3JEnPZZemZw0UIt","int","us-healthcare","536","False","True",1,0,0,1,0,0,1,0,1,1,0
"R_3kNYDKGYD2nOQDS","all","us-healthcare","349","True","True",1,1,0,1,1,1,1,0,1,0,0
"R_3KVDcf9PWdLQBmU","all","carbon-clock","296","True","True",1,1,1,1,1,0,1,0,0,1,1
"R_3lE6DY7dlcZSZwT","int","us-healthcare","475","False","True",1,0,0,1,1,1,1,0,0,0,0
"R_3lFRTeh4c9cIVn1","story","measles","446","True","False",0,0,0,1,1,1,0,0,1,0,0
"R_3Lj8SrbsVGMuaCW","story","gun-deaths","346","True","False",0,0,0,1,1,0,0,1,1,1,0
"R_3lPpk28xVLyiyRi","story","gun-deaths","199","True","False",1,1,0,1,1,1,0,0,0,0,0
"R_3lVXkqG8pkv0MNu","story","gun-deaths","126","True","False",1,1,0,1,1,1,0,1,1,0,0
"R_3ly3oti7R4h9gGh","int","measles","463","False","True",1,0,0,1,0,1,1,0,1,0,0
"R_3MA4vZtQ32cAkVC","story","carbon-clock","552","True","False",1,1,0,0,1,1,1,0,0,0,1
"R_3MfmNhgepFuaVR2","all","carbon-clock","194","True","True",1,0,0,1,1,1,1,1,0,0,1
"R_3nwI3GafQc7GXzg","all","measles","522","True","True",1,1,0,1,1,1,0,0,1,0,1
"R_3O3qVwFb5cwbDgx","none","gun-deaths","380","False","False",1,1,0,1,0,1,1,1,1,0,0
"R_3p9kpiWHMdK5PvQ","int","measles","581","False","True",1,0,0,1,0,1,1,1,1,0,0
"R_3PiUHDByTRfbfY1","int","us-healthcare","391","False","True",1,0,0,1,1,0,1,0,0,0,0
"R_3PjkXw8Zu50ec0r","story","gun-deaths","285","True","False",1,1,0,1,1,0,0,1,0,1,0
"R_3pm5UllilBHz1J0","story","carbon-clock","543","True","False",0,1,0,1,1,1,1,0,0,0,0
"R_3PMhRV11cVzzewd","all","carbon-clock","567","True","True",1,1,0,1,1,1,1,1,0,0,0
"R_3psEx0otpOxd9cn","story","carbon-clock","329","True","False",1,0,0,1,1,0,1,0,0,1,0
"R_3Q0kGISgxZBj5QL","all","carbon-clock","413","True","True",1,0,0,1,1,1,1,0,0,1,0
"R_3qql50rlvHtwBpz","all","gun-deaths","437","True","True",0,1,0,1,0,0,0,1,1,0,0
"R_3qwyAklKBd4CVaP","all","measles","663","True","True",1,0,0,1,1,1,1,1,1,0,0
"R_3qydPbc5JLA2dWc","all","us-healthcare","113","True","True",0,0,0,1,1,1,1,0,0,0,0
"R_3r18VYvNsHuRhbe","all","us-healthcare","643","True","True",0,0,0,1,1,1,1,0,1,0,0
"R_3R8givuBTJhgxer","story","carbon-clock","313","True","False",0,0,1,0,0,0,0,0,0,0,0
"R_3RgvarUKxoTAnzD","none","gun-deaths","270","False","False",1,1,0,1,1,1,0,1,1,0,1
"R_3RmEPnig11CUbjV","all","us-healthcare","559","True","True",1,1,0,1,1,0,1,0,0,1,0
"R_3rO0NDAHlLNZRv6","all","us-healthcare","441","True","True",1,1,0,0,1,0,1,0,1,1,0
"R_3RwpMa84WozajA0","all","gun-deaths","655","True","True",1,0,0,0,1,0,0,1,0,0,0
"R_3s5QqqH6HciJGWA","int","gun-deaths","403","False","True",0,1,0,1,1,0,0,0,1,1,0
"R_3s7HvlB9ooXXxWh","story","us-healthcare","519","True","False",1,1,0,1,1,0,0,0,1,1,0
"R_3sc9bEtXVZrcJW3","story","gun-deaths","470","True","False",1,0,0,1,0,1,0,0,0,0,0
"R_3strS1R4g2psh1w","story","gun-deaths","402","True","False",1,0,0,1,1,1,0,0,0,0,0
"R_3VtuWJHz5if7Ja9","int","measles","166","False","True",1,0,0,0,1,1,0,0,0,0,0
"R_4IcDqYE13kUWZ45","story","carbon-clock","179","True","False",1,0,0,1,0,1,1,1,0,1,0
"R_4Zqjhqp5Y6NutoZ","story","us-healthcare","366","True","False",1,0,0,0,1,0,0,0,1,1,0
"R_56IJmpFf6fsxSzT","none","carbon-clock","250","False","False",1,0,0,1,1,1,1,1,0,1,0
"R_5pv13nd4KHswIEx","none","gun-deaths","254","False","False",1,0,1,1,0,1,0,1,1,0,0
"R_5sEgOWm5fQ421yN","all","us-healthcare","320","True","True",0,0,0,1,1,0,1,1,0,0,0
"R_5v7Gz96JvDhKODD","story","measles","354","True","False",1,0,0,1,0,1,1,1,1,0,0
"R_6hENGbCoMpPtJPH","story","us-healthcare","256","True","False",1,0,1,1,0,0,1,1,0,1,1
"R_6ij8VV3ym5w8l1L","story","measles","478","True","False",1,0,0,1,1,1,1,0,1,0,0
"R_6mVKKj7L4FJA2SR","none","us-healthcare","662","False","False",0,1,1,1,0,0,1,1,1,1,0
"R_6xQa3gTXm98pwCl","none","us-healthcare","147","False","False",1,0,1,0,1,0,1,1,0,1,0
"R_79Qr5n8HSfFEQO5","story","us-healthcare","390","True","False",1,1,0,0,1,1,1,0,0,1,0
"R_7Vbobz2xigMIUEN","int","gun-deaths","471","False","True",1,0,0,1,1,1,0,1,1,1,0
"R_87GCb6lZOHxMWCl","none","gun-deaths","23","False","False",1,1,0,1,1,1,0,1,1,0,0
"R_8bOP7TfUFtZNf0Z","int","measles","46","False","True",1,1,0,1,0,1,1,1,1,1,1
"R_8etuxNrfwagegdH","all","gun-deaths","385","True","True",0,0,0,1,1,0,0,1,1,0,0
"R_9KB0bq75ybWgx0t","all","measles","28","True","True",1,0,0,1,1,1,1,0,0,0,0
"R_9tyzvfK1Jq7abeN","story","us-healthcare","240","True","False",0,0,0,1,1,1,1,0,0,0,0
"R_9Y0N5wksQjitDAR","story","measles","539","True","False",1,0,0,1,1,1,1,0,0,0,0
"R_A0RKuVKcV93NiKJ","int","gun-deaths","347","False","True",1,1,0,1,1,1,1,1,1,1,0
"R_AA9fX3gmxWsTx7z","all","carbon-clock","105","True","True",1,0,0,1,1,1,1,1,0,0,1
"R_AmS5FVu96tdovLj","none","carbon-clock","400","False","False",1,0,0,1,1,1,0,0,0,0,1
"R_bBYdX7vnUA661Wx","int","carbon-clock","512","False","True",1,0,0,1,1,1,1,0,0,0,0
"R_bl5FKlxBKOsl5mx","all","carbon-clock","373","True","True",1,0,0,1,1,1,1,0,0,1,0
"R_bOVZerc9U6LFCP7","none","carbon-clock","19","False","False",1,0,1,1,1,1,1,1,0,0,1
"R_brcWfT2TBVrieqt","int","carbon-clock","233","False","True",1,0,0,1,1,0,1,0,0,0,1
"R_BsLx4PUUmpwxLyh","int","measles","565","False","True",0,0,0,1,0,1,1,1,1,0,0
"R_CaDbp9mARxGnrJ7","story","gun-deaths","454","True","False",1,1,0,1,1,1,0,1,1,0,0
"R_CjJio7htz7cAaxX","all","gun-deaths","125","True","True",1,0,0,1,1,1,0,1,0,0,0
"R_cJjy8pfQEmL1yff","int","measles","665","False","True",0,0,0,1,1,1,1,1,0,0,0
"R_CkPCGmue7HN9Ezv","int","measles","649","False","True",1,0,0,1,1,1,1,0,1,0,0
"R_cMDhyOVdsaFVv3z","all","measles","369","True","True",1,0,0,1,0,1,1,0,1,0,0
"R_cNEHtkpw4aEQ17b","story","gun-deaths","572","True","False",1,0,0,1,1,1,0,0,0,0,0
"R_D05mJHC7Kgmonqp","story","measles","149","True","False",1,0,0,1,0,1,1,1,1,0,1
"R_D8ec49zwbDzDqcV","none","gun-deaths","472","False","False",1,1,1,1,0,0,1,1,1,1,0
"R_diib78pIO1gEpMZ","story","measles","507","True","False",1,0,0,1,1,1,1,0,0,0,0
"R_DMJQRygpgsh5ywN","int","gun-deaths","379","False","True",1,1,0,1,1,1,0,1,1,1,0
"R_DpdBgDYqvp9NBK1","none","carbon-clock","155","False","False",0,0,1,1,1,1,1,0,0,0,1
"R_Dx7SNAQvhgZSbXb","int","us-healthcare","545","False","True",0,0,1,1,1,0,1,0,1,1,0
"R_eX8utN9hLJOseSR","story","measles","309","True","False",1,0,0,1,1,1,1,0,1,0,0
"R_O7npGzbpvLnieJ3","int","gun-deaths","127","False","True",0,1,0,1,1,1,0,1,1,1,1
"R_OJdIRAKekBDBkqt","int","us-healthcare","407","False","True",0,0,0,0,1,0,1,0,0,0,0
"R_OrFUJVuP454Ssal","all","carbon-clock","357","True","True",1,1,0,1,1,1,1,0,0,1,0
"R_oXnEfkklHqyhoyJ","story","gun-deaths","21","True","False",1,0,0,1,1,0,0,1,1,1,0
"R_oZRa6OgV0iakPKN","none","carbon-clock","416","False","False",1,0,0,1,1,1,1,0,0,1,1
"R_p4Lfl4RZ7lt7b45","int","gun-deaths","625","False","True",1,1,1,0,0,1,1,1,0,1,0
"R_p6kkg4ApyWaj02t","none","measles","428","False","False",1,0,0,1,0,1,1,0,1,0,0
"R_pc8nwzVj6TQSnT3","none","gun-deaths","55","False","False",1,1,0,0,0,0,0,1,1,0,0
"R_pK3R9VdV1to4rip","none","us-healthcare","424","False","False",1,0,0,0,0,0,1,0,0,1,1
"R_ptUv7JX9z53ciM9","story","us-healthcare","422","True","False",0,0,0,1,1,1,1,0,0,1,0
"R_Q4BkWuSomLdn0f7","none","measles","120","False","False",1,0,0,1,1,1,1,1,1,0,1
"R_QagIuatGDWRr6q5","all","carbon-clock","73","True","True",1,1,1,1,1,1,1,1,0,0,1
"R_QhJzEghdeaz14Pf","all","measles","445","True","True",1,0,0,1,1,1,1,0,0,0,0
"R_QnyVElJZcpRl80V","int","us-healthcare","629","False","True",1,0,0,1,1,1,1,0,0,0,1
"R_RCbZzMRtPfDMYcV","story","carbon-clock","74","True","False",1,0,0,1,1,1,1,0,0,1,0
"R_RCwt3sjfv1fvT1L","story","us-healthcare","273","True","False",1,1,0,1,1,1,1,0,0,0,0
"R_RghxZZzdWlyR0iJ","all","measles","409","True","True",1,0,0,1,1,1,1,0,1,0,0
"R_RJLF9AaicL1POoN","story","carbon-clock","527","True","False",0,0,1,1,1,1,1,0,0,1,1
"R_RP2jwByfFQ1fnxL","all","carbon-clock","341","True","True",1,0,0,1,1,1,1,0,0,0,0
"R_rqJtIZ1oIu1KAc9","all","us-healthcare","288","True","True",1,0,0,1,0,1,1,0,0,0,0
"R_RXg2QoMk4KCzz5n","none","measles","618","False","False",1,0,0,1,0,1,1,1,1,0,0
"R_RxniI87PyJiO0yR","story","measles","548","True","False",1,0,0,1,0,1,1,0,1,0,0
"R_SGIDA3yikokY9IR","story","carbon-clock","169","True","False",1,0,0,1,1,1,1,1,0,1,0
"R_SIeNJnONCF3Isdr","story","gun-deaths","78","True","False",0,1,1,1,1,0,0,0,1,1,0
"R_SJe5Xy6qPwItRNn","none","carbon-clock","622","False","False",1,0,0,1,1,1,1,1,0,1,1
"R_sSg12KfyEf8cOCB","all","us-healthcare","595","True","True",1,0,0,0,1,1,1,0,0,1,0
"R_ST9Y9D9DYETuIff","none","us-healthcare","368","False","False",1,0,0,1,1,0,1,0,1,1,0
"R_tFfdZszW9rXsIFj","int","us-healthcare","83","False","True",1,0,0,1,1,1,1,0,1,0,0
"R_Tw0uIlhF5sja50J","int","measles","134","False","True",0,0,0,1,1,1,1,1,1,0,1
"R_tYcMadBWXqKasg1","int","carbon-clock","343","False","True",0,0,0,1,1,0,1,1,0,0,0
"R_u3oSSjVBEiWOZWh","none","us-healthcare","392","False","False",1,0,0,0,1,1,0,0,0,1,0
"R_u9rfFLBM9EqqXmh","story","gun-deaths","37","True","False",1,1,0,0,1,1,0,1,0,0,1
"R_ufYHwOMKn9fGlMJ","story","carbon-clock","49","True","False",1,0,0,1,1,1,1,0,0,1,0
"R_UH0lyegLDuolkMp","story","carbon-clock","90","True","False",1,1,1,1,1,1,1,0,0,0,0
"R_UipT4UbgF0LtC6d","all","gun-deaths","214","True","True",1,1,0,1,1,1,1,1,0,0,0
"R_UXF0mtuYsVaERSV","int","us-healthcare","42","False","True",0,1,1,1,1,0,1,1,1,1,0
"R_vH0kqNph63xBJcZ","int","carbon-clock","91","False","True",1,0,1,1,0,1,1,0,0,0,0
"R_vIdrRcQVsV83865","int","measles","229","False","True",0,0,0,1,1,1,0,1,1,0,0
"R_vSnIBmykS8EHv9f","story","us-healthcare","305","True","False",0,0,0,0,1,1,1,0,0,1,0
"R_VVZmWi8uqcg2etP","int","carbon-clock","50","False","True",0,0,0,1,0,1,0,1,0,0,0
"R_W2Ruzvpc9kYcso1","int","gun-deaths","657","False","True",0,1,0,1,1,0,0,1,1,0,0
"R_wLt5zoI0xmoJ9rr","int","us-healthcare","613","False","True",0,1,1,1,1,1,1,0,1,1,1
"R_wNSsQpKEbEUbjK9","none","us-healthcare","323","False","False",0,1,0,1,0,0,1,0,1,1,0
"R_XAfX0KRYVmfxnvr","all","carbon-clock","312","True","True",1,0,1,1,1,1,1,0,0,0,0
"R_XGQ3vkygNSkXlcZ","none","carbon-clock","360","False","False",1,1,0,1,1,1,0,0,0,1,0
"R_xivTy6zsmp0L0uR","int","us-healthcare","115","False","True",0,0,0,1,1,0,0,0,0,0,0
"R_XkbjkbkiiD3SaJP","none","measles","634","False","False",1,0,0,1,1,1,1,1,1,0,1
"R_xlJkG88rokn5Qu5","story","gun-deaths","5","True","False",1,0,0,1,1,1,0,1,1,0,0
"R_Xw9qdaCktpYvwVH","all","measles","538","True","True",1,0,0,1,1,1,1,0,0,0,0
"R_XXITwvzn15fxpJf","int","measles","119","False","True",1,0,0,0,1,1,0,1,0,0,0
"R_XZM7HHRaSXNb4Hf","none","us-healthcare","408","False","False",0,1,0,0,1,1,1,0,0,0,0
"R_yCQcZUlJdHsglCV","all","carbon-clock","526","True","True",1,1,1,1,1,1,0,0,0,0,0
"R_yQLIo0RuM4x1J0B","story","carbon-clock","211","True","False",1,1,0,1,1,1,1,0,0,1,0
"R_YRd6q8QFRCpf9Sh","int","carbon-clock","18","False","True",1,1,1,1,1,0,0,0,0,1,1
"R_ZqPTchzzBi3CiiZ","none","carbon-clock","529","False","False",0,1,0,1,0,1,0,0,0,0,1
"R_ZxXwN99kdAaDfRD","int","gun-deaths","363","False","True",1,1,0,1,1,1,1,1,1,1,0
"R_zYG9gPjiTikuZj3","int","carbon-clock","569","False","True",0,0,0,1,0,0,0,1,0,0,0
